id,referrer,device,bouncers,n_visit,n_pages,duration,country,purchase,order_items,order_value
1,google,laptop,true,10,1.0,27,Czech Republic,false,0.0,0.0
2,yahoo,tablet,true,9,1.0,899,Yemen,false,0.0,0.0
3,direct,laptop,true,0,1.0,72,Brazil,false,0.0,0.0
4,bing,tablet,false,3,18.0,155,China,true,6.0,434.0
5,yahoo,mobile,true,9,1.0,899,Poland,false,0.0,0.0
6,yahoo,laptop,false,5,5.0,573,South Africa,false,0.0,0.0
7,yahoo,mobile,true,10,1.0,692,Bangladesh,false,0.0,0.0
8,direct,mobile,true,10,1.0,578,Indonesia,false,0.0,0.0
9,bing,mobile,false,3,19.0,794,Netherlands,false,0.0,0.0
10,google,mobile,true,6,1.0,762,Czech Republic,false,0.0,0.0
11,direct,laptop,true,9,1.0,905,Jamaica,false,0.0,0.0
12,direct,tablet,false,6,12.0,999,Estonia,false,0.0,0.0
13,direct,mobile,false,9,14.0,386,Ireland,true,3.0,651.0
14,yahoo,tablet,false,5,8.0,260,Philippines,true,2.0,362.0
15,yahoo,mobile,false,7,1.0,447,France,true,7.0,2423.0
16,bing,laptop,true,1,1.0,289,United States,false,0.0,0.0
17,bing,tablet,false,5,16.0,96,Peru,true,6.0,1049.0
18,google,tablet,true,7,1.0,166,China,false,0.0,0.0
19,social,tablet,false,7,10.0,346,Colombia,true,9.0,1304.0
20,social,tablet,false,2,1.0,412,Namibia,true,7.0,2077.0
21,direct,laptop,true,2,1.0,358,China,false,0.0,0.0
22,google,mobile,true,5,1.0,188,Brazil,false,0.0,0.0
23,bing,mobile,false,0,7.0,608,Russia,true,4.0,237.0
24,social,laptop,true,4,1.0,252,Ukraine,false,0.0,0.0
25,yahoo,laptop,true,1,1.0,533,Brazil,false,0.0,0.0
26,social,laptop,true,7,1.0,687,Australia,false,0.0,0.0
27,direct,tablet,false,2,19.0,473,Japan,true,5.0,622.0
28,google,laptop,true,9,1.0,827,Russia,false,0.0,0.0
29,google,mobile,true,10,1.0,164,Russia,false,0.0,0.0
30,yahoo,mobile,false,8,9.0,868,Colombia,false,0.0,0.0
31,social,tablet,true,2,1.0,151,Japan,false,0.0,0.0
32,direct,mobile,true,2,1.0,667,El Salvador,false,0.0,0.0
33,direct,laptop,true,8,1.0,859,Colombia,false,0.0,0.0
34,social,tablet,false,9,20.0,385,Indonesia,true,7.0,1613.0
35,direct,mobile,true,6,1.0,669,Argentina,false,0.0,0.0
36,bing,mobile,false,1,1.0,325,Ireland,true,10.0,1885.0
37,bing,laptop,true,0,1.0,932,Vietnam,false,0.0,0.0
38,yahoo,mobile,true,3,1.0,852,Canada,false,0.0,0.0
39,google,mobile,true,0,1.0,949,Sweden,false,0.0,0.0
40,google,mobile,true,10,1.0,448,Cameroon,false,0.0,0.0
41,bing,mobile,false,4,20.0,148,Czech Republic,true,3.0,184.0
42,direct,mobile,false,1,13.0,882,Indonesia,false,0.0,0.0
43,bing,laptop,true,0,1.0,829,Portugal,false,0.0,0.0
44,yahoo,tablet,false,7,11.0,576,Somalia,false,0.0,0.0
45,bing,laptop,true,7,1.0,258,China,false,0.0,0.0
46,yahoo,tablet,true,7,1.0,887,Indonesia,false,0.0,0.0
47,bing,mobile,true,6,1.0,914,Sweden,false,0.0,0.0
48,yahoo,laptop,true,4,1.0,713,Uruguay,false,0.0,0.0
49,social,mobile,false,1,2.0,397,France,true,10.0,1515.0
50,bing,tablet,true,5,1.0,522,Iran,false,0.0,0.0
51,direct,mobile,true,9,1.0,199,China,false,0.0,0.0
52,bing,mobile,true,7,1.0,519,Brazil,false,0.0,0.0
53,social,tablet,false,3,12.0,573,China,false,0.0,0.0
54,social,tablet,true,4,1.0,456,Nigeria,false,0.0,0.0
55,direct,mobile,true,0,1.0,678,United States,false,0.0,0.0
56,google,tablet,false,1,19.0,773,Colombia,false,0.0,0.0
57,google,laptop,false,1,8.0,596,Russia,true,2.0,1532.0
58,google,tablet,false,9,3.0,413,Brazil,false,0.0,0.0
59,yahoo,tablet,true,9,1.0,582,Philippines,false,0.0,0.0
60,bing,laptop,true,4,1.0,245,Russia,false,0.0,0.0
61,google,laptop,true,0,1.0,145,Greece,false,0.0,0.0
62,direct,tablet,true,8,1.0,834,Philippines,false,0.0,0.0
63,direct,mobile,false,10,1.0,449,China,false,0.0,0.0
64,yahoo,tablet,false,3,5.0,616,Latvia,true,6.0,2798.0
65,yahoo,laptop,false,5,8.0,278,Finland,true,9.0,370.0
66,google,tablet,false,6,6.0,915,China,false,0.0,0.0
67,yahoo,tablet,true,3,1.0,604,France,false,0.0,0.0
68,direct,mobile,true,7,1.0,567,France,false,0.0,0.0
69,bing,tablet,true,1,1.0,414,Turkmenistan,false,0.0,0.0
70,bing,mobile,true,5,1.0,299,China,false,0.0,0.0
71,social,laptop,true,0,1.0,662,Brazil,false,0.0,0.0
72,social,laptop,false,5,16.0,438,Panama,true,5.0,2216.0
73,google,tablet,true,4,1.0,488,China,false,0.0,0.0
74,social,tablet,true,5,1.0,888,Brazil,false,0.0,0.0
75,direct,tablet,true,9,1.0,355,Russia,false,0.0,0.0
76,yahoo,tablet,false,5,3.0,600,Russia,true,3.0,632.0
77,yahoo,laptop,true,4,1.0,187,Peru,false,0.0,0.0
78,social,laptop,false,4,19.0,438,Russia,false,0.0,0.0
79,bing,mobile,true,9,1.0,154,Nicaragua,false,0.0,0.0
80,social,laptop,false,8,12.0,416,Indonesia,false,0.0,0.0
81,social,laptop,true,8,1.0,407,Indonesia,false,0.0,0.0
82,direct,tablet,true,7,1.0,579,Thailand,false,0.0,0.0
83,social,mobile,true,5,1.0,605,Ecuador,false,0.0,0.0
84,yahoo,tablet,true,4,1.0,771,Sweden,false,0.0,0.0
85,google,tablet,true,3,1.0,518,Sierra Leone,false,0.0,0.0
86,yahoo,tablet,true,0,1.0,791,Austria,false,0.0,0.0
87,social,tablet,false,9,16.0,520,Sweden,false,0.0,0.0
88,yahoo,tablet,false,3,11.0,347,Philippines,false,0.0,0.0
89,direct,mobile,false,4,8.0,598,Ecuador,true,1.0,2001.0
90,bing,mobile,false,7,1.0,648,Indonesia,false,0.0,0.0
91,social,laptop,true,3,1.0,288,Indonesia,false,0.0,0.0
92,google,mobile,false,5,8.0,594,Indonesia,true,1.0,1273.0
93,google,laptop,true,9,1.0,631,Poland,false,0.0,0.0
94,yahoo,tablet,false,2,16.0,348,China,true,9.0,286.0
95,social,tablet,true,1,1.0,913,Portugal,false,0.0,0.0
96,direct,tablet,false,10,3.0,939,China,true,4.0,722.0
97,bing,tablet,true,2,1.0,118,Democratic Republic of the Congo,false,0.0,0.0
98,bing,mobile,false,3,18.0,410,Portugal,true,6.0,764.0
99,yahoo,mobile,true,1,1.0,650,Indonesia,false,0.0,0.0
100,google,laptop,true,5,1.0,479,Portugal,false,0.0,0.0
101,yahoo,tablet,false,2,14.0,669,Poland,true,6.0,1667.0
102,google,mobile,false,2,3.0,958,Bahamas,true,3.0,583.0
103,direct,laptop,false,0,7.0,813,Portugal,false,0.0,0.0
104,yahoo,tablet,false,6,18.0,969,France,false,0.0,0.0
105,direct,mobile,true,1,1.0,225,Mexico,false,0.0,0.0
106,direct,mobile,true,6,1.0,738,China,false,0.0,0.0
107,social,mobile,true,2,1.0,371,Brazil,false,0.0,0.0
108,google,laptop,true,9,1.0,738,China,false,0.0,0.0
109,google,tablet,true,9,1.0,774,Chile,false,0.0,0.0
110,direct,mobile,false,5,5.0,574,Russia,false,0.0,0.0
111,social,tablet,true,9,1.0,782,Bhutan,false,0.0,0.0
112,social,mobile,false,10,11.0,350,Argentina,true,4.0,287.0
113,yahoo,tablet,false,7,16.0,828,Sri Lanka,true,3.0,1482.0
114,bing,tablet,false,0,14.0,878,Brazil,false,0.0,0.0
115,google,laptop,false,1,6.0,37,Ghana,true,9.0,2514.0
116,direct,mobile,true,10,1.0,106,Indonesia,false,0.0,0.0
117,bing,tablet,false,6,16.0,167,Swaziland,false,0.0,0.0
118,direct,laptop,false,2,16.0,491,Brazil,false,0.0,0.0
119,bing,laptop,true,1,1.0,69,China,false,0.0,0.0
120,yahoo,mobile,false,2,5.0,854,China,true,6.0,1772.0
121,direct,laptop,true,4,1.0,648,Russia,false,0.0,0.0
122,direct,laptop,true,3,1.0,50,Argentina,false,0.0,0.0
123,bing,mobile,true,5,1.0,160,Yemen,false,0.0,0.0
124,social,mobile,true,0,1.0,857,Indonesia,false,0.0,0.0
125,yahoo,mobile,false,6,14.0,806,China,true,3.0,1443.0
126,direct,mobile,true,6,1.0,362,Peru,false,0.0,0.0
127,social,tablet,true,2,1.0,203,Belarus,false,0.0,0.0
128,bing,tablet,false,9,2.0,909,United States,false,0.0,0.0
129,google,tablet,true,8,1.0,60,Brazil,false,0.0,0.0
130,direct,laptop,true,6,1.0,326,Italy,false,0.0,0.0
131,bing,tablet,false,3,15.0,522,France,true,2.0,489.0
132,bing,tablet,false,0,3.0,226,Chile,false,0.0,0.0
133,direct,mobile,false,2,4.0,254,Poland,false,0.0,0.0
134,google,mobile,false,1,18.0,739,Indonesia,true,3.0,2449.0
135,social,mobile,false,0,3.0,927,Indonesia,false,0.0,0.0
136,yahoo,tablet,false,0,20.0,152,Indonesia,false,0.0,0.0
137,yahoo,mobile,false,5,3.0,902,Thailand,false,0.0,0.0
138,yahoo,tablet,true,6,1.0,372,China,false,0.0,0.0
139,yahoo,laptop,false,8,6.0,638,Greece,true,9.0,287.0
140,social,laptop,true,5,1.0,384,Sweden,false,0.0,0.0
141,yahoo,tablet,true,1,1.0,232,Japan,false,0.0,0.0
142,google,laptop,false,1,7.0,54,Brazil,false,0.0,0.0
143,social,mobile,false,7,16.0,929,Sweden,true,10.0,2824.0
144,social,tablet,true,3,1.0,199,Japan,false,0.0,0.0
145,google,laptop,false,5,9.0,743,Portugal,true,6.0,2086.0
146,google,laptop,true,7,1.0,790,Greece,false,0.0,0.0
147,direct,tablet,false,4,5.0,843,Panama,true,1.0,2055.0
148,yahoo,laptop,true,5,1.0,144,China,false,0.0,0.0
149,bing,tablet,false,6,3.0,562,Sweden,true,2.0,393.0
150,bing,laptop,false,5,10.0,614,China,false,0.0,0.0
151,social,tablet,true,6,1.0,178,Russia,false,0.0,0.0
152,yahoo,mobile,false,6,3.0,850,Argentina,true,3.0,907.0
153,google,tablet,true,10,1.0,361,China,false,0.0,0.0
154,social,laptop,true,0,1.0,621,China,false,0.0,0.0
155,google,mobile,false,8,10.0,815,Brazil,false,0.0,0.0
156,direct,mobile,false,4,18.0,243,China,true,3.0,1670.0
157,social,laptop,false,9,6.0,235,Faroe Islands,false,0.0,0.0
158,google,tablet,false,7,12.0,510,Philippines,true,2.0,1358.0
159,social,laptop,false,2,16.0,233,Finland,true,3.0,1833.0
160,yahoo,tablet,true,6,1.0,578,Philippines,false,0.0,0.0
161,google,laptop,true,5,1.0,878,Peru,false,0.0,0.0
162,social,tablet,true,8,1.0,420,Ukraine,false,0.0,0.0
163,social,laptop,true,1,1.0,258,Netherlands,false,0.0,0.0
164,social,mobile,true,10,1.0,500,Russia,false,0.0,0.0
165,social,laptop,false,5,3.0,654,Vietnam,false,0.0,0.0
166,direct,tablet,false,6,20.0,816,Sudan,true,5.0,1155.0
167,social,mobile,false,2,2.0,364,Honduras,true,8.0,837.0
168,direct,tablet,false,7,15.0,151,China,false,0.0,0.0
169,direct,laptop,false,6,6.0,16,Albania,false,0.0,0.0
170,bing,tablet,true,0,1.0,316,United States,false,0.0,0.0
171,direct,laptop,false,7,5.0,226,Republic of the Congo,false,0.0,0.0
172,yahoo,laptop,true,8,1.0,845,Sweden,false,0.0,0.0
173,google,mobile,false,2,9.0,75,Russia,true,5.0,358.0
174,bing,mobile,false,9,1.0,946,Indonesia,false,0.0,0.0
175,yahoo,mobile,false,4,13.0,970,Colombia,false,0.0,0.0
176,yahoo,laptop,true,2,1.0,811,Madagascar,false,0.0,0.0
177,bing,laptop,false,5,1.0,690,Thailand,true,3.0,1252.0
178,direct,mobile,false,9,15.0,524,Indonesia,false,0.0,0.0
179,google,laptop,true,2,1.0,597,Nigeria,false,0.0,0.0
180,yahoo,tablet,true,6,1.0,337,China,false,0.0,0.0
181,bing,mobile,true,9,1.0,626,Poland,false,0.0,0.0
182,bing,mobile,false,9,2.0,700,Indonesia,true,8.0,2429.0
183,bing,mobile,false,3,15.0,1,Czech Republic,false,0.0,0.0
184,social,laptop,true,5,1.0,131,Ireland,false,0.0,0.0
185,google,mobile,false,8,2.0,580,Philippines,false,0.0,0.0
186,google,tablet,true,5,1.0,205,China,false,0.0,0.0
187,bing,laptop,false,1,2.0,823,Brazil,true,1.0,1286.0
188,yahoo,tablet,true,3,1.0,900,China,false,0.0,0.0
189,direct,mobile,true,2,1.0,861,Pakistan,false,0.0,0.0
190,social,tablet,false,4,8.0,301,Brazil,false,0.0,0.0
191,bing,mobile,true,4,1.0,72,New Zealand,false,0.0,0.0
192,bing,laptop,true,1,1.0,491,China,false,0.0,0.0
193,yahoo,tablet,false,1,12.0,637,United States,true,4.0,1578.0
194,google,laptop,true,3,1.0,70,Belarus,false,0.0,0.0
195,direct,laptop,true,3,1.0,724,Poland,false,0.0,0.0
196,direct,laptop,false,5,18.0,139,Russia,false,0.0,0.0
197,bing,mobile,true,1,1.0,542,Greece,false,0.0,0.0
198,bing,tablet,true,0,1.0,713,Ukraine,false,0.0,0.0
199,yahoo,laptop,false,10,11.0,332,China,false,0.0,0.0
200,google,tablet,true,10,1.0,504,Argentina,false,0.0,0.0
201,social,laptop,false,7,15.0,804,Armenia,false,0.0,0.0
202,yahoo,tablet,false,9,13.0,136,Brazil,false,0.0,0.0
203,direct,tablet,true,6,1.0,419,Serbia,false,0.0,0.0
204,direct,tablet,true,5,1.0,989,Russia,false,0.0,0.0
205,yahoo,tablet,true,0,1.0,533,South Korea,false,0.0,0.0
206,google,mobile,true,7,1.0,914,Somalia,false,0.0,0.0
207,google,tablet,false,10,8.0,286,China,false,0.0,0.0
208,bing,tablet,false,0,2.0,551,Denmark,true,1.0,178.0
209,yahoo,laptop,true,3,1.0,272,Serbia,false,0.0,0.0
210,social,mobile,true,10,1.0,524,Guatemala,false,0.0,0.0
211,bing,tablet,true,4,1.0,922,Nicaragua,false,0.0,0.0
212,social,tablet,true,4,1.0,625,United States,false,0.0,0.0
213,bing,laptop,true,7,1.0,279,China,false,0.0,0.0
214,direct,laptop,false,8,10.0,495,France,false,0.0,0.0
215,yahoo,mobile,true,10,1.0,390,Denmark,false,0.0,0.0
216,yahoo,laptop,true,3,1.0,744,Brazil,false,0.0,0.0
217,google,mobile,false,9,9.0,67,Poland,true,4.0,1758.0
218,social,laptop,true,5,1.0,240,Palestinian Territory,false,0.0,0.0
219,social,mobile,false,1,20.0,361,United States,true,5.0,1021.0
220,social,tablet,false,6,6.0,879,Portugal,false,0.0,0.0
221,direct,tablet,false,6,19.0,651,Indonesia,true,9.0,2208.0
222,direct,laptop,false,8,5.0,836,Indonesia,true,4.0,2373.0
223,social,tablet,false,1,8.0,853,Indonesia,false,0.0,0.0
224,social,mobile,false,5,7.0,76,Ukraine,false,0.0,0.0
225,direct,tablet,false,3,12.0,654,Norway,true,10.0,1257.0
226,google,laptop,true,7,1.0,463,Mexico,false,0.0,0.0
227,yahoo,mobile,false,0,13.0,583,United States,true,10.0,288.0
228,direct,tablet,true,10,1.0,669,Mexico,false,0.0,0.0
229,google,mobile,true,10,1.0,282,Greece,false,0.0,0.0
230,bing,tablet,false,8,6.0,471,Costa Rica,false,0.0,0.0
231,bing,tablet,true,0,1.0,650,Portugal,false,0.0,0.0
232,social,laptop,false,8,2.0,425,Afghanistan,false,0.0,0.0
233,google,tablet,false,3,3.0,793,China,false,0.0,0.0
234,social,tablet,true,10,1.0,507,Portugal,false,0.0,0.0
235,yahoo,laptop,true,7,1.0,126,Brazil,false,0.0,0.0
236,yahoo,tablet,true,5,1.0,868,Poland,false,0.0,0.0
237,social,laptop,true,8,1.0,649,China,false,0.0,0.0
238,yahoo,mobile,true,1,1.0,474,Brazil,false,0.0,0.0
239,social,mobile,false,2,10.0,694,Peru,false,0.0,0.0
240,direct,laptop,false,6,4.0,472,France,false,0.0,0.0
241,yahoo,mobile,false,10,11.0,318,Netherlands,true,6.0,1537.0
242,bing,mobile,false,10,13.0,876,China,false,0.0,0.0
243,bing,tablet,false,6,1.0,225,Russia,false,0.0,0.0
244,google,mobile,false,5,13.0,601,Colombia,false,0.0,0.0
245,social,laptop,true,9,1.0,285,Brazil,false,0.0,0.0
246,direct,mobile,true,9,1.0,599,China,false,0.0,0.0
247,bing,laptop,true,1,1.0,72,China,false,0.0,0.0
248,bing,tablet,true,5,1.0,698,Macedonia,false,0.0,0.0
249,google,mobile,false,10,8.0,356,Palestinian Territory,false,0.0,0.0
250,bing,laptop,true,3,1.0,75,Russia,false,0.0,0.0
251,social,tablet,false,3,5.0,654,China,true,6.0,2157.0
252,bing,tablet,true,3,1.0,808,Indonesia,false,0.0,0.0
253,google,mobile,false,8,20.0,378,Sweden,true,7.0,2091.0
254,yahoo,laptop,false,8,13.0,645,Bosnia and Herzegovina,true,3.0,343.0
255,google,tablet,true,6,1.0,179,Peru,false,0.0,0.0
256,social,laptop,false,10,10.0,531,Honduras,true,10.0,2629.0
257,bing,laptop,false,5,13.0,628,United States,false,0.0,0.0
258,google,mobile,false,3,17.0,33,Portugal,false,0.0,0.0
259,google,mobile,true,3,1.0,636,Kenya,false,0.0,0.0
260,yahoo,laptop,false,10,10.0,166,Costa Rica,true,3.0,2992.0
261,social,laptop,true,0,1.0,308,France,false,0.0,0.0
262,google,mobile,false,9,17.0,366,France,false,0.0,0.0
263,social,mobile,true,10,1.0,782,Cuba,false,0.0,0.0
264,yahoo,laptop,false,7,2.0,29,Czech Republic,false,0.0,0.0
265,bing,laptop,true,10,1.0,260,Japan,false,0.0,0.0
266,social,laptop,true,8,1.0,156,Japan,false,0.0,0.0
267,yahoo,laptop,true,5,1.0,2,Brazil,false,0.0,0.0
268,yahoo,tablet,true,6,1.0,521,China,false,0.0,0.0
269,yahoo,laptop,false,9,9.0,512,Indonesia,true,6.0,2633.0
270,yahoo,mobile,false,4,9.0,624,Russia,true,5.0,947.0
271,social,laptop,false,2,5.0,93,China,true,10.0,2367.0
272,direct,mobile,false,6,12.0,2,China,false,0.0,0.0
273,social,laptop,true,4,1.0,206,Indonesia,false,0.0,0.0
274,yahoo,mobile,false,10,18.0,164,France,true,10.0,813.0
275,bing,laptop,true,8,1.0,269,China,false,0.0,0.0
276,social,laptop,false,4,20.0,738,Indonesia,false,0.0,0.0
277,google,tablet,false,8,1.0,10,China,true,8.0,1179.0
278,yahoo,laptop,false,5,11.0,541,Norway,false,0.0,0.0
279,yahoo,laptop,false,7,15.0,159,Sweden,true,4.0,2251.0
280,yahoo,mobile,true,2,1.0,570,Vietnam,false,0.0,0.0
281,social,laptop,true,10,1.0,946,Canada,false,0.0,0.0
282,direct,laptop,true,4,1.0,464,Malaysia,false,0.0,0.0
283,social,mobile,true,5,1.0,112,Brazil,false,0.0,0.0
284,social,mobile,true,9,1.0,427,Peru,false,0.0,0.0
285,direct,mobile,false,8,16.0,827,Indonesia,false,0.0,0.0
286,google,tablet,true,4,1.0,219,China,false,0.0,0.0
287,yahoo,mobile,true,7,1.0,33,Italy,false,0.0,0.0
288,bing,tablet,false,5,6.0,621,Honduras,true,3.0,2929.0
289,yahoo,mobile,true,1,1.0,786,Cuba,false,0.0,0.0
290,bing,mobile,false,4,18.0,651,Russia,true,2.0,2896.0
291,yahoo,laptop,true,5,1.0,426,Colombia,false,0.0,0.0
292,yahoo,tablet,false,0,13.0,971,Canada,true,5.0,1748.0
293,bing,mobile,true,10,1.0,669,Panama,false,0.0,0.0
294,yahoo,laptop,false,0,4.0,353,France,true,1.0,610.0
295,bing,laptop,false,10,16.0,108,Poland,false,0.0,0.0
296,google,mobile,false,5,7.0,929,Ukraine,false,0.0,0.0
297,bing,mobile,false,10,8.0,957,Poland,false,0.0,0.0
298,bing,laptop,false,5,16.0,445,Armenia,true,4.0,1203.0
299,yahoo,laptop,false,10,18.0,631,Afghanistan,false,0.0,0.0
300,direct,laptop,true,9,1.0,881,Libya,false,0.0,0.0
301,yahoo,tablet,false,7,10.0,33,Thailand,true,1.0,1152.0
302,google,laptop,false,6,9.0,484,Greece,false,0.0,0.0
303,bing,mobile,true,4,1.0,397,Madagascar,false,0.0,0.0
304,social,laptop,true,7,1.0,485,Venezuela,false,0.0,0.0
305,bing,tablet,false,2,11.0,83,Argentina,true,6.0,631.0
306,direct,mobile,false,7,7.0,722,Philippines,true,9.0,632.0
307,google,laptop,false,3,8.0,24,Greece,false,0.0,0.0
308,yahoo,tablet,false,8,14.0,784,China,false,0.0,0.0
309,google,mobile,true,0,1.0,679,Canada,false,0.0,0.0
310,social,laptop,false,6,5.0,79,Malawi,false,0.0,0.0
311,direct,tablet,true,2,1.0,311,Bangladesh,false,0.0,0.0
312,yahoo,tablet,false,1,18.0,880,Bosnia and Herzegovina,true,4.0,2578.0
313,yahoo,laptop,false,1,16.0,195,China,false,0.0,0.0
314,yahoo,mobile,false,3,20.0,877,China,false,0.0,0.0
315,bing,tablet,false,2,1.0,814,China,false,0.0,0.0
316,direct,laptop,true,2,1.0,729,Sweden,false,0.0,0.0
317,google,mobile,false,3,18.0,142,Poland,true,3.0,1753.0
318,direct,laptop,true,8,1.0,130,Portugal,false,0.0,0.0
319,bing,laptop,false,10,6.0,785,United Kingdom,true,6.0,2894.0
320,bing,laptop,false,4,3.0,693,Sweden,true,3.0,2716.0
321,bing,tablet,false,1,17.0,751,New Zealand,true,9.0,2433.0
322,bing,tablet,true,3,1.0,303,Uruguay,false,0.0,0.0
323,google,mobile,true,1,1.0,627,Brazil,false,0.0,0.0
324,direct,laptop,false,9,17.0,731,Niger,true,2.0,2488.0
325,bing,tablet,true,9,1.0,941,Poland,false,0.0,0.0
326,yahoo,mobile,true,4,1.0,508,Colombia,false,0.0,0.0
327,bing,laptop,true,2,1.0,784,Bulgaria,false,0.0,0.0
328,direct,mobile,false,9,15.0,587,Nicaragua,true,1.0,714.0
329,bing,mobile,true,3,1.0,549,Sweden,false,0.0,0.0
330,direct,laptop,false,2,4.0,787,China,true,1.0,1560.0
331,google,mobile,true,8,1.0,441,Bulgaria,false,0.0,0.0
332,google,laptop,false,5,5.0,814,Nigeria,false,0.0,0.0
333,bing,tablet,true,1,1.0,74,Armenia,false,0.0,0.0
334,bing,mobile,false,2,7.0,707,Russia,false,0.0,0.0
335,social,tablet,true,4,1.0,276,China,false,0.0,0.0
336,yahoo,mobile,true,8,1.0,613,Brazil,false,0.0,0.0
337,bing,mobile,false,8,13.0,657,China,false,0.0,0.0
338,direct,mobile,true,1,1.0,115,Nigeria,false,0.0,0.0
339,google,tablet,true,0,1.0,424,Japan,false,0.0,0.0
340,yahoo,mobile,true,9,1.0,258,China,false,0.0,0.0
341,bing,mobile,false,5,15.0,931,Russia,true,7.0,2274.0
342,google,tablet,true,1,1.0,983,China,false,0.0,0.0
343,bing,tablet,true,4,1.0,225,China,false,0.0,0.0
344,bing,mobile,false,4,9.0,319,China,false,0.0,0.0
345,social,laptop,true,8,1.0,213,China,false,0.0,0.0
346,yahoo,tablet,false,9,16.0,727,Djibouti,true,3.0,2028.0
347,yahoo,tablet,true,2,1.0,501,Philippines,false,0.0,0.0
348,social,laptop,false,10,20.0,30,Japan,true,1.0,2011.0
349,yahoo,laptop,false,2,17.0,819,China,false,0.0,0.0
350,direct,mobile,false,1,13.0,114,Malaysia,true,6.0,2765.0
351,bing,tablet,true,8,1.0,835,China,false,0.0,0.0
352,direct,tablet,false,2,17.0,83,Ukraine,true,3.0,2636.0
353,social,tablet,true,1,1.0,990,Croatia,false,0.0,0.0
354,social,laptop,true,8,1.0,763,Peru,false,0.0,0.0
355,yahoo,laptop,false,6,17.0,239,Thailand,true,6.0,1648.0
356,bing,laptop,true,4,1.0,48,Yemen,false,0.0,0.0
357,yahoo,mobile,true,0,1.0,856,Malaysia,false,0.0,0.0
358,google,mobile,false,10,5.0,751,Nicaragua,false,0.0,0.0
359,direct,laptop,false,3,13.0,962,Armenia,true,6.0,2694.0
360,yahoo,mobile,true,5,1.0,178,Canada,false,0.0,0.0
361,bing,laptop,true,4,1.0,331,Philippines,false,0.0,0.0
362,social,mobile,false,5,16.0,862,Macedonia,true,9.0,2281.0
363,google,laptop,false,2,7.0,110,Czech Republic,false,0.0,0.0
364,bing,laptop,true,3,1.0,897,Kenya,false,0.0,0.0
365,google,laptop,false,9,19.0,913,Greece,false,0.0,0.0
366,direct,tablet,true,6,1.0,233,China,false,0.0,0.0
367,social,laptop,true,2,1.0,145,Indonesia,false,0.0,0.0
368,google,laptop,true,0,1.0,292,Belgium,false,0.0,0.0
369,social,laptop,true,2,1.0,341,Indonesia,false,0.0,0.0
370,social,tablet,false,2,8.0,511,Azerbaijan,false,0.0,0.0
371,social,laptop,true,2,1.0,483,Colombia,false,0.0,0.0
372,social,tablet,true,5,1.0,808,Pakistan,false,0.0,0.0
373,yahoo,mobile,false,2,20.0,495,Portugal,false,0.0,0.0
374,social,mobile,true,5,1.0,986,Indonesia,false,0.0,0.0
375,social,laptop,false,8,16.0,946,Kyrgyzstan,false,0.0,0.0
376,yahoo,mobile,true,7,1.0,221,Indonesia,false,0.0,0.0
377,google,mobile,true,10,1.0,112,Mexico,false,0.0,0.0
378,yahoo,mobile,true,9,1.0,153,Indonesia,false,0.0,0.0
379,bing,tablet,true,2,1.0,234,China,false,0.0,0.0
380,google,mobile,true,10,1.0,342,Ukraine,false,0.0,0.0
381,yahoo,laptop,false,7,20.0,467,China,false,0.0,0.0
382,direct,laptop,false,9,4.0,675,Russia,false,0.0,0.0
383,social,mobile,false,9,19.0,638,Croatia,true,4.0,2057.0
384,google,tablet,false,1,12.0,289,Finland,false,0.0,0.0
385,bing,tablet,false,10,15.0,9,Portugal,false,0.0,0.0
386,direct,laptop,false,1,8.0,582,Russia,false,0.0,0.0
387,yahoo,mobile,true,7,1.0,134,China,false,0.0,0.0
388,google,laptop,true,1,1.0,423,Uzbekistan,false,0.0,0.0
389,bing,mobile,false,6,5.0,802,Indonesia,false,0.0,0.0
390,social,tablet,false,3,15.0,184,Macedonia,true,6.0,1629.0
391,google,tablet,false,0,6.0,158,Comoros,true,1.0,1652.0
392,yahoo,laptop,false,0,1.0,384,Indonesia,false,0.0,0.0
393,yahoo,mobile,true,9,1.0,29,China,false,0.0,0.0
394,direct,laptop,false,8,20.0,39,Indonesia,false,0.0,0.0
395,google,mobile,false,10,13.0,246,China,true,9.0,1662.0
396,bing,mobile,false,3,8.0,190,China,true,5.0,472.0
397,yahoo,tablet,false,6,5.0,902,China,true,9.0,1508.0
398,bing,laptop,true,9,1.0,72,China,false,0.0,0.0
399,google,tablet,true,5,1.0,894,Indonesia,false,0.0,0.0
400,bing,mobile,false,9,7.0,209,Poland,true,2.0,139.0
401,bing,tablet,false,1,9.0,572,Tajikistan,false,0.0,0.0
402,bing,laptop,false,0,18.0,515,Russia,false,0.0,0.0
403,social,mobile,true,4,1.0,669,Russia,false,0.0,0.0
404,yahoo,laptop,false,8,4.0,745,Greece,true,10.0,2482.0
405,direct,mobile,false,10,17.0,511,Indonesia,false,0.0,0.0
406,bing,mobile,false,10,14.0,871,Peru,false,0.0,0.0
407,yahoo,mobile,false,9,11.0,399,China,true,8.0,312.0
408,yahoo,laptop,false,3,1.0,193,China,true,4.0,2605.0
409,direct,laptop,true,9,1.0,85,Portugal,false,0.0,0.0
410,yahoo,mobile,false,6,4.0,881,China,true,10.0,1255.0
411,direct,mobile,true,6,1.0,246,China,false,0.0,0.0
412,yahoo,mobile,true,8,1.0,676,Brazil,false,0.0,0.0
413,direct,mobile,false,3,10.0,419,Liberia,false,0.0,0.0
414,bing,tablet,false,7,3.0,556,Madagascar,true,4.0,260.0
415,yahoo,laptop,false,0,4.0,620,Colombia,false,0.0,0.0
416,direct,laptop,false,6,16.0,864,China,true,7.0,1729.0
417,social,mobile,true,0,1.0,877,France,false,0.0,0.0
418,social,tablet,true,8,1.0,359,China,false,0.0,0.0
419,social,mobile,false,6,4.0,974,Dominican Republic,false,0.0,0.0
420,google,mobile,false,10,4.0,29,Brazil,true,10.0,2144.0
421,yahoo,laptop,false,8,2.0,233,China,true,10.0,1288.0
422,yahoo,laptop,false,5,18.0,301,Indonesia,false,0.0,0.0
423,google,laptop,true,5,1.0,395,Albania,false,0.0,0.0
424,bing,tablet,true,8,1.0,359,United States,false,0.0,0.0
425,yahoo,laptop,false,2,7.0,165,Cyprus,true,10.0,1912.0
426,yahoo,mobile,false,3,11.0,137,Belarus,true,6.0,2642.0
427,bing,tablet,false,1,19.0,297,Czech Republic,true,5.0,44.0
428,google,laptop,true,4,1.0,118,Kazakhstan,false,0.0,0.0
429,social,tablet,true,9,1.0,15,China,false,0.0,0.0
430,direct,mobile,false,5,10.0,48,Ukraine,false,0.0,0.0
431,yahoo,tablet,true,1,1.0,576,Russia,false,0.0,0.0
432,yahoo,mobile,false,6,1.0,357,Russia,false,0.0,0.0
433,social,tablet,true,10,1.0,939,Brazil,false,0.0,0.0
434,direct,mobile,false,6,3.0,345,Serbia,true,2.0,1436.0
435,direct,mobile,false,5,15.0,631,Indonesia,false,0.0,0.0
436,bing,mobile,false,8,20.0,988,Argentina,false,0.0,0.0
437,google,laptop,true,0,1.0,591,Colombia,false,0.0,0.0
438,direct,tablet,true,9,1.0,136,China,false,0.0,0.0
439,google,tablet,false,0,13.0,11,Chile,true,9.0,969.0
440,yahoo,mobile,false,10,16.0,993,Philippines,true,3.0,1625.0
441,bing,laptop,true,3,1.0,863,United States,false,0.0,0.0
442,direct,tablet,true,3,1.0,169,Jamaica,false,0.0,0.0
443,social,tablet,true,7,1.0,371,China,false,0.0,0.0
444,direct,tablet,false,3,1.0,671,Philippines,true,4.0,793.0
445,social,tablet,false,2,12.0,573,Philippines,true,2.0,2754.0
446,bing,laptop,false,0,1.0,35,Indonesia,false,0.0,0.0
447,social,laptop,true,0,1.0,710,China,false,0.0,0.0
448,google,laptop,false,0,19.0,439,Ukraine,true,2.0,996.0
449,yahoo,laptop,false,7,8.0,73,Indonesia,false,0.0,0.0
450,google,laptop,true,7,1.0,391,Hong Kong,false,0.0,0.0
451,google,tablet,false,5,20.0,986,China,false,0.0,0.0
452,google,tablet,false,6,14.0,905,East Timor,false,0.0,0.0
453,bing,mobile,false,8,2.0,904,China,true,10.0,2826.0
454,direct,tablet,true,10,1.0,442,Syria,false,0.0,0.0
455,social,laptop,true,2,1.0,469,Brazil,false,0.0,0.0
456,bing,mobile,false,2,2.0,748,Albania,true,10.0,2182.0
457,social,laptop,true,5,1.0,496,Argentina,false,0.0,0.0
458,google,mobile,false,8,4.0,900,Philippines,false,0.0,0.0
459,social,tablet,true,3,1.0,370,China,false,0.0,0.0
460,social,tablet,false,5,20.0,985,Republic of the Congo,true,5.0,1743.0
461,bing,tablet,false,8,17.0,3,Russia,false,0.0,0.0
462,yahoo,mobile,true,7,1.0,351,Croatia,false,0.0,0.0
463,direct,laptop,true,10,1.0,836,Canada,false,0.0,0.0
464,google,tablet,true,8,1.0,508,Yemen,false,0.0,0.0
465,google,laptop,false,1,20.0,566,France,true,7.0,1436.0
466,direct,tablet,true,5,1.0,369,China,false,0.0,0.0
467,yahoo,laptop,false,3,10.0,43,Peru,true,3.0,2063.0
468,direct,laptop,false,0,1.0,713,Czech Republic,true,5.0,1598.0
469,yahoo,tablet,false,2,20.0,382,Colombia,false,0.0,0.0
470,social,mobile,false,10,14.0,513,Argentina,true,3.0,671.0
471,social,mobile,false,0,10.0,233,Portugal,false,0.0,0.0
472,direct,tablet,false,6,13.0,217,Poland,true,5.0,683.0
473,yahoo,laptop,true,1,1.0,431,Vietnam,false,0.0,0.0
474,direct,laptop,true,0,1.0,114,Nigeria,false,0.0,0.0
475,google,tablet,false,1,18.0,623,China,false,0.0,0.0
476,direct,mobile,true,9,1.0,746,Poland,false,0.0,0.0
477,bing,tablet,false,8,2.0,736,Colombia,true,8.0,364.0
478,yahoo,laptop,false,6,19.0,822,China,true,9.0,2720.0
479,social,mobile,true,10,1.0,740,Japan,false,0.0,0.0
480,bing,tablet,true,5,1.0,293,China,false,0.0,0.0
481,social,mobile,false,3,13.0,336,China,false,0.0,0.0
482,bing,tablet,true,7,1.0,301,Czech Republic,false,0.0,0.0
483,google,tablet,false,1,5.0,770,Canada,true,5.0,1622.0
484,direct,laptop,false,4,4.0,233,Portugal,true,8.0,1719.0
485,bing,tablet,true,7,1.0,456,Qatar,false,0.0,0.0
486,direct,tablet,false,8,17.0,963,Czech Republic,false,0.0,0.0
487,bing,laptop,false,1,10.0,158,France,true,9.0,697.0
488,google,mobile,true,9,1.0,374,China,false,0.0,0.0
489,google,tablet,false,9,3.0,7,China,false,0.0,0.0
490,direct,laptop,true,0,1.0,18,Russia,false,0.0,0.0
491,google,tablet,false,8,4.0,491,Democratic Republic of the Congo,true,9.0,1034.0
492,yahoo,laptop,false,3,1.0,863,Albania,false,0.0,0.0
493,direct,mobile,true,7,1.0,697,Ukraine,false,0.0,0.0
494,google,laptop,true,0,1.0,718,Indonesia,false,0.0,0.0
495,google,laptop,false,8,18.0,540,Japan,true,8.0,2367.0
496,google,tablet,true,1,1.0,213,Thailand,false,0.0,0.0
497,social,mobile,true,10,1.0,603,Greece,false,0.0,0.0
498,bing,mobile,false,0,4.0,710,Iran,false,0.0,0.0
499,social,tablet,false,10,18.0,988,China,false,0.0,0.0
500,bing,mobile,true,9,1.0,932,Egypt,false,0.0,0.0
501,social,mobile,true,1,1.0,136,China,false,0.0,0.0
502,bing,laptop,true,7,1.0,204,Portugal,false,0.0,0.0
503,yahoo,mobile,true,9,1.0,340,Indonesia,false,0.0,0.0
504,social,laptop,true,10,1.0,12,China,false,0.0,0.0
505,bing,tablet,false,8,19.0,899,Thailand,true,1.0,510.0
506,yahoo,laptop,true,8,1.0,864,South Africa,false,0.0,0.0
507,social,mobile,false,8,6.0,667,France,true,5.0,1201.0
508,google,laptop,false,8,2.0,798,China,true,9.0,1760.0
509,yahoo,laptop,true,1,1.0,945,Uganda,false,0.0,0.0
510,social,mobile,true,0,1.0,726,Mongolia,false,0.0,0.0
511,google,tablet,true,6,1.0,690,South Africa,false,0.0,0.0
512,direct,mobile,true,1,1.0,244,Taiwan,false,0.0,0.0
513,direct,laptop,false,2,12.0,67,Philippines,true,5.0,1504.0
514,bing,mobile,false,9,3.0,136,Thailand,false,0.0,0.0
515,yahoo,laptop,true,4,1.0,412,China,false,0.0,0.0
516,bing,mobile,true,1,1.0,792,China,false,0.0,0.0
517,bing,laptop,true,6,1.0,319,Croatia,false,0.0,0.0
518,direct,tablet,true,4,1.0,180,Chile,false,0.0,0.0
519,direct,tablet,true,5,1.0,482,Brazil,false,0.0,0.0
520,social,mobile,false,1,10.0,45,Sweden,true,3.0,2332.0
521,direct,laptop,false,4,5.0,747,Russia,true,4.0,153.0
522,google,laptop,true,6,1.0,715,France,false,0.0,0.0
523,bing,tablet,false,4,15.0,650,Indonesia,false,0.0,0.0
524,yahoo,mobile,true,4,1.0,579,China,false,0.0,0.0
525,google,laptop,true,2,1.0,986,Russia,false,0.0,0.0
526,yahoo,tablet,false,10,9.0,811,Indonesia,false,0.0,0.0
527,direct,laptop,false,1,14.0,542,China,true,9.0,2676.0
528,google,mobile,true,1,1.0,576,Japan,false,0.0,0.0
529,social,tablet,false,10,10.0,950,Portugal,false,0.0,0.0
530,google,mobile,true,8,1.0,318,Canada,false,0.0,0.0
531,yahoo,tablet,true,8,1.0,647,Honduras,false,0.0,0.0
532,google,mobile,true,6,1.0,561,Russia,false,0.0,0.0
533,social,laptop,false,9,14.0,539,China,true,9.0,2462.0
534,google,tablet,true,8,1.0,942,South Africa,false,0.0,0.0
535,google,tablet,true,8,1.0,313,Ireland,false,0.0,0.0
536,google,mobile,true,10,1.0,516,China,false,0.0,0.0
537,direct,laptop,false,1,19.0,795,Indonesia,true,2.0,54.0
538,direct,laptop,false,7,10.0,744,Brazil,true,5.0,2781.0
539,bing,mobile,false,10,20.0,14,Nicaragua,false,0.0,0.0
540,bing,tablet,true,7,1.0,773,Thailand,false,0.0,0.0
541,bing,laptop,true,5,1.0,573,France,false,0.0,0.0
542,google,mobile,false,10,10.0,348,Greece,false,0.0,0.0
543,direct,tablet,true,1,1.0,33,Russia,false,0.0,0.0
544,bing,mobile,false,2,18.0,552,France,false,0.0,0.0
545,yahoo,laptop,false,7,4.0,735,Russia,true,4.0,1395.0
546,yahoo,mobile,false,10,6.0,234,Greece,true,1.0,1648.0
547,google,laptop,true,5,1.0,883,Belize,false,0.0,0.0
548,google,mobile,false,0,4.0,407,China,false,0.0,0.0
549,social,tablet,true,2,1.0,984,Ukraine,false,0.0,0.0
550,direct,tablet,false,7,17.0,153,Portugal,false,0.0,0.0
551,social,mobile,true,10,1.0,224,China,false,0.0,0.0
552,social,tablet,false,4,9.0,388,China,false,0.0,0.0
553,direct,mobile,true,10,1.0,52,Vietnam,false,0.0,0.0
554,direct,tablet,false,8,16.0,115,Sweden,true,7.0,487.0
555,yahoo,mobile,true,10,1.0,734,Indonesia,false,0.0,0.0
556,yahoo,mobile,false,4,20.0,331,Poland,true,9.0,898.0
557,direct,mobile,true,2,1.0,207,Brazil,false,0.0,0.0
558,direct,laptop,true,10,1.0,448,Croatia,false,0.0,0.0
559,bing,laptop,true,0,1.0,577,France,false,0.0,0.0
560,social,laptop,true,4,1.0,361,Philippines,false,0.0,0.0
561,yahoo,tablet,false,2,10.0,816,China,true,4.0,293.0
562,social,laptop,true,6,1.0,320,United States,false,0.0,0.0
563,social,tablet,false,5,16.0,498,China,true,2.0,866.0
564,google,laptop,true,8,1.0,702,Philippines,false,0.0,0.0
565,google,mobile,true,3,1.0,839,Yemen,false,0.0,0.0
566,social,tablet,true,5,1.0,941,Russia,false,0.0,0.0
567,google,mobile,false,3,18.0,475,Indonesia,true,6.0,1270.0
568,yahoo,tablet,false,6,16.0,46,United States,false,0.0,0.0
569,direct,laptop,false,1,20.0,387,Sweden,true,5.0,2770.0
570,social,laptop,true,2,1.0,360,Afghanistan,false,0.0,0.0
571,direct,mobile,true,10,1.0,410,Ethiopia,false,0.0,0.0
572,social,laptop,false,1,5.0,610,Argentina,true,3.0,1931.0
573,google,laptop,true,3,1.0,560,Brazil,false,0.0,0.0
574,bing,mobile,true,10,1.0,51,Poland,false,0.0,0.0
575,bing,laptop,false,1,19.0,238,Yemen,true,4.0,2036.0
576,social,laptop,false,8,3.0,65,Colombia,false,0.0,0.0
577,direct,laptop,false,7,7.0,895,China,false,0.0,0.0
578,google,tablet,true,3,1.0,624,Czech Republic,false,0.0,0.0
579,google,tablet,false,2,4.0,454,Venezuela,false,0.0,0.0
580,bing,laptop,true,7,1.0,63,United States,false,0.0,0.0
581,google,laptop,true,8,1.0,446,Canada,false,0.0,0.0
582,social,mobile,false,1,15.0,183,Sweden,false,0.0,0.0
583,social,laptop,false,1,20.0,15,Iran,true,1.0,1861.0
584,bing,mobile,true,0,1.0,149,Uzbekistan,false,0.0,0.0
585,direct,tablet,true,0,1.0,521,United Kingdom,false,0.0,0.0
586,direct,laptop,true,2,1.0,414,China,false,0.0,0.0
587,direct,mobile,true,2,1.0,503,Indonesia,false,0.0,0.0
588,yahoo,mobile,true,4,1.0,179,Russia,false,0.0,0.0
589,social,tablet,true,7,1.0,243,United Kingdom,false,0.0,0.0
590,social,laptop,true,7,1.0,44,Armenia,false,0.0,0.0
591,direct,laptop,true,2,1.0,852,Serbia,false,0.0,0.0
592,google,mobile,false,8,11.0,10,Portugal,false,0.0,0.0
593,direct,mobile,false,2,5.0,174,Peru,true,7.0,2943.0
594,direct,laptop,true,3,1.0,985,France,false,0.0,0.0
595,yahoo,tablet,true,9,1.0,293,China,false,0.0,0.0
596,social,mobile,true,1,1.0,842,Netherlands,false,0.0,0.0
597,bing,tablet,false,2,5.0,912,Greece,false,0.0,0.0
598,yahoo,tablet,true,10,1.0,900,Indonesia,false,0.0,0.0
599,yahoo,mobile,true,8,1.0,866,Philippines,false,0.0,0.0
600,bing,laptop,false,9,13.0,92,China,false,0.0,0.0
601,direct,laptop,true,7,1.0,736,China,false,0.0,0.0
602,google,mobile,false,3,12.0,708,South Africa,true,7.0,968.0
603,google,mobile,true,7,1.0,543,Russia,false,0.0,0.0
604,bing,tablet,true,6,1.0,316,Indonesia,false,0.0,0.0
605,google,laptop,false,2,17.0,888,United States,true,9.0,1345.0
606,social,tablet,false,9,17.0,796,Sweden,false,0.0,0.0
607,google,mobile,true,3,1.0,741,Czech Republic,false,0.0,0.0
608,direct,laptop,true,2,1.0,336,Russia,false,0.0,0.0
609,google,tablet,false,6,17.0,270,Philippines,false,0.0,0.0
610,yahoo,laptop,true,4,1.0,516,Egypt,false,0.0,0.0
611,yahoo,mobile,true,1,1.0,747,Ukraine,false,0.0,0.0
612,social,mobile,false,1,16.0,131,Philippines,true,3.0,17.0
613,bing,laptop,false,0,12.0,324,China,true,4.0,1747.0
614,yahoo,laptop,false,1,2.0,488,Russia,true,1.0,122.0
615,social,laptop,true,1,1.0,690,Finland,false,0.0,0.0
616,google,laptop,true,9,1.0,147,Russia,false,0.0,0.0
617,social,tablet,true,5,1.0,18,Nicaragua,false,0.0,0.0
618,bing,laptop,true,6,1.0,198,Russia,false,0.0,0.0
619,bing,laptop,true,10,1.0,208,Sweden,false,0.0,0.0
620,bing,tablet,false,1,8.0,397,Morocco,false,0.0,0.0
621,direct,mobile,false,2,12.0,109,Brazil,false,0.0,0.0
622,google,mobile,false,2,8.0,340,China,true,5.0,2e3
623,yahoo,tablet,true,1,1.0,666,France,false,0.0,0.0
624,bing,laptop,false,8,3.0,883,Portugal,false,0.0,0.0
625,social,mobile,false,7,8.0,585,Tanzania,true,9.0,2092.0
626,direct,tablet,false,9,6.0,220,Ukraine,false,0.0,0.0
627,direct,laptop,true,1,1.0,418,Thailand,false,0.0,0.0
628,yahoo,tablet,false,7,7.0,685,Russia,false,0.0,0.0
629,direct,tablet,true,2,1.0,112,Japan,false,0.0,0.0
630,social,mobile,false,3,20.0,713,China,true,10.0,75.0
631,social,tablet,true,10,1.0,671,China,false,0.0,0.0
632,social,tablet,false,0,14.0,437,Indonesia,false,0.0,0.0
633,direct,mobile,false,6,17.0,389,Slovenia,false,0.0,0.0
634,social,mobile,false,8,9.0,780,Italy,true,2.0,388.0
635,google,laptop,true,2,1.0,291,China,false,0.0,0.0
636,google,laptop,false,10,18.0,552,Indonesia,true,3.0,1782.0
637,yahoo,tablet,true,7,1.0,99,Tanzania,false,0.0,0.0
638,google,mobile,true,3,1.0,148,Netherlands,false,0.0,0.0
639,direct,mobile,true,1,1.0,310,Portugal,false,0.0,0.0
640,social,mobile,false,8,4.0,828,Colombia,true,4.0,463.0
641,direct,laptop,true,6,1.0,241,Mayotte,false,0.0,0.0
642,yahoo,laptop,false,0,18.0,868,Syria,true,8.0,1523.0
643,direct,tablet,false,7,12.0,648,Indonesia,false,0.0,0.0
644,bing,laptop,false,5,18.0,46,Indonesia,false,0.0,0.0
645,google,laptop,false,8,16.0,486,Nigeria,false,0.0,0.0
646,social,tablet,false,8,11.0,572,Ethiopia,false,0.0,0.0
647,social,laptop,true,5,1.0,895,Guinea,false,0.0,0.0
648,yahoo,mobile,true,3,1.0,475,Indonesia,false,0.0,0.0
649,direct,laptop,false,7,4.0,443,Indonesia,true,9.0,27.0
650,google,laptop,true,3,1.0,237,United Kingdom,false,0.0,0.0
651,social,laptop,false,0,17.0,111,China,false,0.0,0.0
652,bing,tablet,false,6,9.0,396,Thailand,false,0.0,0.0
653,direct,mobile,true,6,1.0,225,United States,false,0.0,0.0
654,direct,mobile,false,10,17.0,352,Sweden,false,0.0,0.0
655,bing,mobile,true,6,1.0,522,Nigeria,false,0.0,0.0
656,bing,laptop,false,0,13.0,201,Philippines,true,7.0,683.0
657,bing,laptop,true,3,1.0,492,Canada,false,0.0,0.0
658,google,laptop,true,3,1.0,578,Philippines,false,0.0,0.0
659,direct,mobile,false,5,13.0,403,Sweden,false,0.0,0.0
660,direct,tablet,true,7,1.0,109,Indonesia,false,0.0,0.0
661,yahoo,laptop,true,1,1.0,639,China,false,0.0,0.0
662,google,tablet,false,5,2.0,717,China,true,4.0,1057.0
663,google,tablet,true,2,1.0,77,Pakistan,false,0.0,0.0
664,direct,laptop,false,8,11.0,826,Japan,true,1.0,2702.0
665,yahoo,mobile,false,4,16.0,174,Brazil,false,0.0,0.0
666,social,mobile,true,9,1.0,805,Indonesia,false,0.0,0.0
667,google,mobile,false,4,20.0,860,China,false,0.0,0.0
668,yahoo,mobile,true,9,1.0,531,France,false,0.0,0.0
669,yahoo,tablet,true,0,1.0,128,Mexico,false,0.0,0.0
670,bing,tablet,false,5,20.0,809,Brazil,false,0.0,0.0
671,google,laptop,false,2,13.0,139,Brazil,false,0.0,0.0
672,google,tablet,true,6,1.0,463,China,false,0.0,0.0
673,bing,mobile,false,10,7.0,955,New Zealand,false,0.0,0.0
674,google,mobile,true,7,1.0,522,Indonesia,false,0.0,0.0
675,social,mobile,false,6,6.0,355,Russia,true,10.0,1922.0
676,bing,laptop,true,8,1.0,720,China,false,0.0,0.0
677,direct,tablet,true,10,1.0,431,Afghanistan,false,0.0,0.0
678,google,mobile,false,3,13.0,834,China,true,3.0,935.0
679,yahoo,laptop,true,3,1.0,608,Thailand,false,0.0,0.0
680,google,tablet,true,5,1.0,211,Argentina,false,0.0,0.0
681,bing,mobile,true,8,1.0,879,China,false,0.0,0.0
682,direct,tablet,false,5,18.0,65,Afghanistan,true,8.0,2006.0
683,direct,mobile,true,8,1.0,366,Ukraine,false,0.0,0.0
684,yahoo,tablet,true,5,1.0,645,China,false,0.0,0.0
685,social,laptop,false,0,11.0,402,Uzbekistan,true,8.0,1733.0
686,direct,tablet,false,1,2.0,417,Mexico,false,0.0,0.0
687,direct,laptop,false,1,10.0,674,Paraguay,true,10.0,828.0
688,social,mobile,true,2,1.0,605,Botswana,false,0.0,0.0
689,bing,mobile,false,4,2.0,607,France,true,3.0,1178.0
690,yahoo,mobile,false,5,8.0,309,New Zealand,true,9.0,2001.0
691,social,tablet,false,9,15.0,204,Uzbekistan,false,0.0,0.0
692,social,laptop,false,5,2.0,2,Indonesia,false,0.0,0.0
693,social,tablet,false,3,2.0,265,Iran,false,0.0,0.0
694,direct,laptop,true,3,1.0,896,Sweden,false,0.0,0.0
695,direct,mobile,true,9,1.0,457,Indonesia,false,0.0,0.0
696,google,mobile,true,7,1.0,779,Brazil,false,0.0,0.0
697,bing,tablet,true,0,1.0,856,Greece,false,0.0,0.0
698,google,mobile,false,7,12.0,935,France,true,4.0,1669.0
699,social,mobile,true,8,1.0,464,Germany,false,0.0,0.0
700,bing,tablet,false,9,10.0,126,Comoros,true,2.0,2302.0
701,yahoo,tablet,false,1,10.0,145,France,true,4.0,2780.0
702,social,tablet,true,8,1.0,34,Palestinian Territory,false,0.0,0.0
703,direct,mobile,false,10,19.0,6,China,false,0.0,0.0
704,yahoo,laptop,false,1,11.0,273,China,false,0.0,0.0
705,bing,laptop,true,3,1.0,662,Philippines,false,0.0,0.0
706,google,tablet,false,3,18.0,892,Poland,false,0.0,0.0
707,google,tablet,false,1,11.0,994,Russia,true,2.0,1645.0
708,yahoo,laptop,false,7,6.0,106,Philippines,true,10.0,1894.0
709,bing,mobile,true,6,1.0,547,Colombia,false,0.0,0.0
710,google,mobile,false,6,9.0,614,Ukraine,false,0.0,0.0
711,yahoo,tablet,false,7,19.0,313,Honduras,false,0.0,0.0
712,google,mobile,false,7,19.0,876,China,false,0.0,0.0
713,social,tablet,false,10,10.0,660,Philippines,true,9.0,37.0
714,direct,tablet,false,2,18.0,248,Russia,true,2.0,1368.0
715,google,laptop,false,10,18.0,158,China,false,0.0,0.0
716,social,tablet,true,5,1.0,180,China,false,0.0,0.0
717,yahoo,laptop,true,2,1.0,879,Poland,false,0.0,0.0
718,yahoo,mobile,true,3,1.0,941,Indonesia,false,0.0,0.0
719,direct,tablet,false,10,14.0,602,China,false,0.0,0.0
720,direct,laptop,true,4,1.0,236,China,false,0.0,0.0
721,google,mobile,false,4,16.0,610,Thailand,false,0.0,0.0
722,bing,mobile,true,10,1.0,635,Yemen,false,0.0,0.0
723,google,mobile,false,5,3.0,667,Argentina,true,4.0,98.0
724,bing,laptop,true,3,1.0,820,Sweden,false,0.0,0.0
725,direct,laptop,false,6,14.0,96,Malta,true,5.0,154.0
726,google,mobile,true,0,1.0,12,Thailand,false,0.0,0.0
727,bing,mobile,true,5,1.0,363,Cuba,false,0.0,0.0
728,direct,tablet,true,8,1.0,816,China,false,0.0,0.0
729,google,laptop,false,0,3.0,993,China,false,0.0,0.0
730,social,mobile,true,5,1.0,993,Libya,false,0.0,0.0
731,social,laptop,false,8,7.0,601,Malaysia,true,1.0,2876.0
732,yahoo,mobile,false,4,18.0,556,Macedonia,true,9.0,2781.0
733,google,laptop,true,4,1.0,226,Russia,false,0.0,0.0
734,bing,mobile,true,3,1.0,663,Peru,false,0.0,0.0
735,yahoo,tablet,false,5,20.0,118,Norway,false,0.0,0.0
736,bing,tablet,false,1,14.0,375,Israel,false,0.0,0.0
737,google,mobile,true,9,1.0,378,Portugal,false,0.0,0.0
738,yahoo,mobile,true,10,1.0,338,Mexico,false,0.0,0.0
739,social,mobile,true,9,1.0,954,China,false,0.0,0.0
740,bing,mobile,false,9,2.0,400,Indonesia,false,0.0,0.0
741,direct,tablet,false,1,3.0,850,Philippines,true,4.0,1268.0
742,google,mobile,true,2,1.0,524,China,false,0.0,0.0
743,bing,tablet,false,1,18.0,258,Argentina,false,0.0,0.0
744,bing,tablet,true,2,1.0,267,Indonesia,false,0.0,0.0
745,direct,mobile,true,5,1.0,19,Mexico,false,0.0,0.0
746,yahoo,laptop,false,0,13.0,461,Portugal,true,1.0,1238.0
747,yahoo,mobile,false,10,7.0,958,Yemen,false,0.0,0.0
748,yahoo,mobile,true,7,1.0,999,Brazil,false,0.0,0.0
749,bing,laptop,false,0,17.0,565,Indonesia,true,9.0,1384.0
750,social,laptop,true,1,1.0,97,Indonesia,false,0.0,0.0
751,bing,tablet,true,4,1.0,88,Poland,false,0.0,0.0
752,google,mobile,true,0,1.0,694,Indonesia,false,0.0,0.0
753,yahoo,laptop,false,7,16.0,233,United States,false,0.0,0.0
754,google,mobile,true,9,1.0,309,Greece,false,0.0,0.0
755,google,tablet,false,8,3.0,801,Poland,true,7.0,2671.0
756,yahoo,tablet,false,6,8.0,448,France,true,5.0,462.0
757,yahoo,tablet,true,1,1.0,569,China,false,0.0,0.0
758,direct,tablet,true,4,1.0,895,China,false,0.0,0.0
759,google,tablet,false,8,2.0,7,Greece,true,2.0,388.0
760,social,tablet,false,9,6.0,188,China,false,0.0,0.0
761,bing,mobile,false,1,18.0,273,Sweden,false,0.0,0.0
762,direct,laptop,true,2,1.0,919,China,false,0.0,0.0
763,social,laptop,true,4,1.0,124,Brazil,false,0.0,0.0
764,yahoo,mobile,true,9,1.0,117,Comoros,false,0.0,0.0
765,bing,laptop,false,8,10.0,294,China,true,7.0,1531.0
766,google,laptop,true,6,1.0,266,Indonesia,false,0.0,0.0
767,direct,tablet,false,5,12.0,16,Poland,true,4.0,2419.0
768,bing,tablet,false,2,17.0,119,United States,false,0.0,0.0
769,bing,mobile,false,10,8.0,914,China,false,0.0,0.0
770,bing,laptop,false,8,6.0,759,China,true,3.0,576.0
771,direct,tablet,true,1,1.0,756,Philippines,false,0.0,0.0
772,social,mobile,false,6,9.0,641,Norway,false,0.0,0.0
773,bing,laptop,true,1,1.0,631,Argentina,false,0.0,0.0
774,direct,laptop,true,0,1.0,979,Japan,false,0.0,0.0
775,social,laptop,false,8,3.0,426,Morocco,true,8.0,2717.0
776,direct,mobile,false,7,19.0,191,Philippines,false,0.0,0.0
777,direct,mobile,true,8,1.0,836,Russia,false,0.0,0.0
778,social,mobile,true,3,1.0,107,Colombia,false,0.0,0.0
779,social,laptop,true,4,1.0,331,Haiti,false,0.0,0.0
780,direct,mobile,false,7,15.0,113,Tanzania,true,3.0,1320.0
781,google,laptop,true,2,1.0,45,Hungary,false,0.0,0.0
782,direct,mobile,true,1,1.0,685,Argentina,false,0.0,0.0
783,social,laptop,true,10,1.0,96,Portugal,false,0.0,0.0
784,direct,tablet,false,6,20.0,365,Indonesia,false,0.0,0.0
785,direct,tablet,false,3,10.0,413,Philippines,true,7.0,980.0
786,yahoo,mobile,false,8,5.0,530,Guatemala,false,0.0,0.0
787,bing,mobile,true,9,1.0,791,South Africa,false,0.0,0.0
788,yahoo,mobile,false,9,7.0,728,United Kingdom,true,6.0,29.0
789,bing,laptop,false,10,17.0,741,China,false,0.0,0.0
790,yahoo,tablet,true,2,1.0,760,Ukraine,false,0.0,0.0
791,google,mobile,false,3,16.0,672,Indonesia,true,1.0,2845.0
792,social,laptop,false,1,4.0,878,Malaysia,false,0.0,0.0
793,bing,laptop,true,5,1.0,662,Denmark,false,0.0,0.0
794,direct,mobile,false,2,9.0,777,Indonesia,false,0.0,0.0
795,direct,tablet,true,8,1.0,831,China,false,0.0,0.0
796,google,tablet,false,3,8.0,266,China,false,0.0,0.0
797,yahoo,tablet,true,10,1.0,671,Myanmar,false,0.0,0.0
798,direct,laptop,true,4,1.0,604,Serbia,false,0.0,0.0
799,yahoo,mobile,false,10,7.0,357,Luxembourg,true,8.0,1503.0
800,social,tablet,true,4,1.0,895,Honduras,false,0.0,0.0
801,bing,mobile,false,5,14.0,16,Peru,false,0.0,0.0
802,direct,mobile,false,8,15.0,49,Philippines,true,10.0,68.0
803,yahoo,laptop,true,8,1.0,367,Israel,false,0.0,0.0
804,social,tablet,false,0,2.0,757,Russia,false,0.0,0.0
805,google,tablet,false,8,3.0,696,China,false,0.0,0.0
806,social,mobile,false,0,1.0,409,France,true,4.0,1516.0
807,google,tablet,true,0,1.0,580,Nigeria,false,0.0,0.0
808,bing,mobile,true,8,1.0,769,Egypt,false,0.0,0.0
809,yahoo,mobile,false,1,19.0,167,Indonesia,true,3.0,2882.0
810,bing,mobile,true,3,1.0,408,Indonesia,false,0.0,0.0
811,social,tablet,false,3,15.0,332,Malaysia,false,0.0,0.0
812,bing,mobile,false,1,12.0,577,Japan,false,0.0,0.0
813,direct,laptop,false,0,14.0,480,Poland,true,3.0,2560.0
814,google,mobile,false,9,1.0,790,China,true,4.0,26.0
815,yahoo,mobile,false,7,19.0,122,China,true,2.0,1762.0
816,yahoo,tablet,true,5,1.0,541,Philippines,false,0.0,0.0
817,social,laptop,true,6,1.0,990,Nigeria,false,0.0,0.0
818,social,mobile,true,4,1.0,543,Colombia,false,0.0,0.0
819,google,mobile,true,0,1.0,426,France,false,0.0,0.0
820,google,tablet,false,1,9.0,893,Reunion,false,0.0,0.0
821,social,tablet,false,8,6.0,678,China,false,0.0,0.0
822,bing,laptop,false,4,11.0,750,China,false,0.0,0.0
823,social,mobile,false,7,12.0,752,Thailand,false,0.0,0.0
824,yahoo,laptop,true,2,1.0,952,Somalia,false,0.0,0.0
825,direct,laptop,false,6,17.0,368,United Kingdom,true,7.0,1523.0
826,direct,mobile,true,7,1.0,818,Tunisia,false,0.0,0.0
827,google,tablet,false,5,20.0,136,China,true,5.0,2429.0
828,bing,tablet,false,3,15.0,248,Peru,true,8.0,1153.0
829,google,laptop,false,3,20.0,420,China,false,0.0,0.0
830,google,mobile,true,3,1.0,552,Mexico,false,0.0,0.0
831,google,tablet,true,10,1.0,385,Malaysia,false,0.0,0.0
832,direct,tablet,true,1,1.0,540,Indonesia,false,0.0,0.0
833,direct,mobile,false,5,8.0,746,Uganda,false,0.0,0.0
834,yahoo,tablet,false,8,3.0,486,France,false,0.0,0.0
835,bing,tablet,true,4,1.0,374,Philippines,false,0.0,0.0
836,social,laptop,true,0,1.0,216,France,false,0.0,0.0
837,yahoo,mobile,true,7,1.0,238,Portugal,false,0.0,0.0
838,yahoo,mobile,false,10,7.0,63,Malawi,true,10.0,1992.0
839,social,laptop,false,8,15.0,552,Dominican Republic,true,5.0,2991.0
840,direct,laptop,false,0,7.0,474,Indonesia,true,10.0,2235.0
841,yahoo,tablet,false,7,18.0,586,China,true,2.0,820.0
842,social,laptop,false,8,13.0,268,South Korea,true,4.0,2717.0
843,google,mobile,false,4,10.0,833,China,false,0.0,0.0
844,social,tablet,true,5,1.0,308,Indonesia,false,0.0,0.0
845,social,tablet,false,0,7.0,927,China,false,0.0,0.0
846,direct,tablet,true,9,1.0,149,Russia,false,0.0,0.0
847,yahoo,mobile,true,0,1.0,476,Russia,false,0.0,0.0
848,bing,mobile,false,6,20.0,763,Thailand,false,0.0,0.0
849,yahoo,tablet,false,9,2.0,420,China,false,0.0,0.0
850,bing,tablet,true,3,1.0,826,Greece,false,0.0,0.0
851,direct,laptop,true,2,1.0,920,Portugal,false,0.0,0.0
852,bing,tablet,true,0,1.0,12,Philippines,false,0.0,0.0
853,bing,tablet,false,7,2.0,686,Afghanistan,true,10.0,2122.0
854,bing,tablet,true,5,1.0,740,France,false,0.0,0.0
855,direct,laptop,true,5,1.0,510,China,false,0.0,0.0
856,social,laptop,true,8,1.0,7,Russia,false,0.0,0.0
857,google,tablet,true,7,1.0,577,France,false,0.0,0.0
858,google,tablet,true,6,1.0,204,Indonesia,false,0.0,0.0
859,yahoo,tablet,true,0,1.0,278,Peru,false,0.0,0.0
860,google,tablet,false,5,10.0,101,Philippines,true,1.0,1936.0
861,yahoo,tablet,true,1,1.0,695,Indonesia,false,0.0,0.0
862,yahoo,laptop,true,7,1.0,643,Philippines,false,0.0,0.0
863,social,tablet,true,5,1.0,263,China,false,0.0,0.0
864,direct,mobile,false,10,3.0,255,China,false,0.0,0.0
865,social,tablet,true,1,1.0,435,Philippines,false,0.0,0.0
866,social,mobile,false,3,8.0,391,China,false,0.0,0.0
867,social,tablet,true,5,1.0,435,Russia,false,0.0,0.0
868,google,tablet,false,9,14.0,619,Democratic Republic of the Congo,true,7.0,2436.0
869,bing,laptop,true,6,1.0,864,China,false,0.0,0.0
870,social,mobile,true,6,1.0,819,Philippines,false,0.0,0.0
871,yahoo,mobile,false,0,15.0,579,China,false,0.0,0.0
872,direct,mobile,true,2,1.0,783,Macedonia,false,0.0,0.0
873,direct,tablet,false,4,2.0,477,Latvia,true,10.0,1564.0
874,yahoo,mobile,false,8,4.0,895,Russia,true,7.0,621.0
875,direct,laptop,false,2,4.0,225,United States,false,0.0,0.0
876,direct,laptop,false,4,2.0,614,United States,true,8.0,1801.0
877,social,mobile,false,0,8.0,882,Indonesia,false,0.0,0.0
878,yahoo,laptop,true,7,1.0,694,Brazil,false,0.0,0.0
879,google,mobile,false,2,15.0,385,United Kingdom,false,0.0,0.0
880,direct,mobile,true,2,1.0,322,Niue,false,0.0,0.0
881,google,mobile,true,7,1.0,199,Portugal,false,0.0,0.0
882,direct,laptop,false,1,14.0,374,Indonesia,true,1.0,2802.0
883,yahoo,mobile,true,4,1.0,42,Brazil,false,0.0,0.0
884,direct,tablet,false,0,18.0,659,Brazil,false,0.0,0.0
885,social,laptop,true,7,1.0,419,China,false,0.0,0.0
886,bing,mobile,false,0,16.0,192,Peru,false,0.0,0.0
887,google,tablet,false,2,14.0,273,Japan,false,0.0,0.0
888,bing,tablet,false,10,17.0,952,China,false,0.0,0.0
889,google,mobile,false,5,16.0,770,Argentina,true,9.0,399.0
890,social,laptop,true,0,1.0,27,Russia,false,0.0,0.0
891,bing,tablet,false,4,15.0,834,Portugal,false,0.0,0.0
892,google,tablet,true,8,1.0,854,China,false,0.0,0.0
893,yahoo,laptop,false,2,9.0,75,Thailand,false,0.0,0.0
894,bing,laptop,true,9,1.0,943,Indonesia,false,0.0,0.0
895,bing,tablet,true,0,1.0,401,China,false,0.0,0.0
896,yahoo,mobile,false,9,4.0,812,Brazil,false,0.0,0.0
897,direct,mobile,false,1,17.0,515,Colombia,true,2.0,2094.0
898,bing,laptop,false,7,8.0,418,Venezuela,false,0.0,0.0
899,direct,tablet,true,0,1.0,263,Indonesia,false,0.0,0.0
900,social,tablet,false,1,19.0,408,Philippines,true,5.0,2043.0
901,yahoo,mobile,false,5,12.0,413,Madagascar,false,0.0,0.0
902,social,laptop,true,2,1.0,991,New Zealand,false,0.0,0.0
903,google,laptop,false,4,9.0,524,Iran,true,4.0,1725.0
904,social,tablet,true,9,1.0,785,Chile,false,0.0,0.0
905,bing,tablet,false,5,18.0,659,Indonesia,true,7.0,2826.0
906,yahoo,tablet,false,9,2.0,111,Tanzania,false,0.0,0.0
907,google,tablet,false,7,5.0,953,Azerbaijan,false,0.0,0.0
908,google,laptop,true,5,1.0,614,Philippines,false,0.0,0.0
909,bing,mobile,false,6,18.0,481,Colombia,true,1.0,637.0
910,google,laptop,false,10,4.0,987,Russia,false,0.0,0.0
911,bing,tablet,false,5,8.0,829,Japan,true,8.0,1722.0
912,google,laptop,true,10,1.0,392,China,false,0.0,0.0
913,direct,laptop,false,2,18.0,200,China,true,10.0,1736.0
914,bing,mobile,false,4,2.0,657,Sweden,true,5.0,1607.0
915,social,mobile,false,7,1.0,769,Portugal,false,0.0,0.0
916,social,mobile,false,7,12.0,550,Philippines,true,6.0,735.0
917,yahoo,laptop,true,2,1.0,477,Indonesia,false,0.0,0.0
918,google,mobile,true,5,1.0,281,Bangladesh,false,0.0,0.0
919,direct,laptop,true,5,1.0,794,Thailand,false,0.0,0.0
920,yahoo,mobile,true,6,1.0,731,China,false,0.0,0.0
921,bing,tablet,false,1,20.0,925,Thailand,true,5.0,2857.0
922,google,tablet,false,8,10.0,588,Portugal,false,0.0,0.0
923,google,mobile,false,5,15.0,586,China,false,0.0,0.0
924,social,tablet,false,10,11.0,560,China,true,1.0,2171.0
925,yahoo,laptop,true,2,1.0,497,Czech Republic,false,0.0,0.0
926,yahoo,mobile,false,5,2.0,192,China,false,0.0,0.0
927,social,tablet,false,1,7.0,787,Vietnam,false,0.0,0.0
928,bing,mobile,true,5,1.0,914,Portugal,false,0.0,0.0
929,social,tablet,true,3,1.0,351,China,false,0.0,0.0
930,social,tablet,false,5,10.0,919,Saudi Arabia,true,9.0,964.0
931,direct,tablet,false,10,18.0,632,China,true,10.0,1497.0
932,google,laptop,false,2,17.0,454,Ukraine,false,0.0,0.0
933,google,mobile,false,9,6.0,500,Portugal,true,8.0,1354.0
934,yahoo,mobile,false,1,17.0,241,United States,true,3.0,1749.0
935,social,tablet,true,1,1.0,160,Slovenia,false,0.0,0.0
936,google,mobile,false,1,20.0,120,Palestinian Territory,false,0.0,0.0
937,google,mobile,false,3,10.0,292,Indonesia,true,3.0,1421.0
938,google,laptop,true,5,1.0,933,Brazil,false,0.0,0.0
939,google,tablet,true,5,1.0,608,Mali,false,0.0,0.0
940,yahoo,tablet,true,4,1.0,823,Venezuela,false,0.0,0.0
941,direct,tablet,false,8,5.0,621,Czech Republic,true,7.0,27.0
942,google,tablet,true,6,1.0,252,Cuba,false,0.0,0.0
943,social,tablet,true,5,1.0,928,China,false,0.0,0.0
944,yahoo,mobile,false,7,15.0,851,Gambia,false,0.0,0.0
945,yahoo,tablet,false,6,6.0,868,China,false,0.0,0.0
946,direct,mobile,false,1,15.0,151,Kenya,true,5.0,1093.0
947,social,tablet,true,9,1.0,729,Portugal,false,0.0,0.0
948,social,tablet,false,10,13.0,9,Brazil,false,0.0,0.0
949,bing,mobile,false,10,1.0,826,China,false,0.0,0.0
950,bing,mobile,false,6,12.0,219,France,false,0.0,0.0
951,yahoo,tablet,false,4,1.0,926,Poland,true,3.0,1478.0
952,bing,tablet,false,4,15.0,707,China,true,4.0,389.0
953,yahoo,mobile,false,5,5.0,928,Philippines,true,10.0,2591.0
954,google,tablet,true,8,1.0,668,Argentina,false,0.0,0.0
955,google,mobile,true,6,1.0,953,Netherlands,false,0.0,0.0
956,google,laptop,true,3,1.0,813,China,false,0.0,0.0
957,google,tablet,false,3,13.0,835,Czech Republic,false,0.0,0.0
958,direct,tablet,true,4,1.0,39,Poland,false,0.0,0.0
959,direct,mobile,false,1,9.0,953,Indonesia,false,0.0,0.0
960,yahoo,laptop,false,2,8.0,768,Russia,false,0.0,0.0
961,direct,tablet,false,3,18.0,964,China,true,5.0,2648.0
962,yahoo,laptop,true,6,1.0,402,Poland,false,0.0,0.0
963,bing,laptop,true,4,1.0,44,Philippines,false,0.0,0.0
964,bing,mobile,true,4,1.0,1,Greece,false,0.0,0.0
965,google,laptop,false,2,6.0,252,Peru,false,0.0,0.0
966,social,tablet,true,7,1.0,449,Honduras,false,0.0,0.0
967,social,laptop,false,6,10.0,579,Thailand,true,10.0,1397.0
968,google,tablet,false,4,16.0,545,China,true,5.0,982.0
969,bing,laptop,true,10,1.0,479,Indonesia,false,0.0,0.0
970,direct,laptop,true,8,1.0,49,United Kingdom,false,0.0,0.0
971,google,laptop,true,0,1.0,844,China,false,0.0,0.0
972,google,mobile,true,4,1.0,814,Tunisia,false,0.0,0.0
973,social,mobile,true,4,1.0,670,Peru,false,0.0,0.0
974,yahoo,tablet,true,3,1.0,256,Indonesia,false,0.0,0.0
975,bing,tablet,false,10,2.0,529,Philippines,false,0.0,0.0
976,google,tablet,false,1,7.0,551,Portugal,false,0.0,0.0
977,google,laptop,true,6,1.0,415,China,false,0.0,0.0
978,direct,laptop,true,1,1.0,641,Philippines,false,0.0,0.0
979,social,tablet,false,3,4.0,297,Poland,true,8.0,1390.0
980,yahoo,mobile,false,7,6.0,233,Portugal,true,7.0,2006.0
981,google,mobile,true,2,1.0,982,Sweden,false,0.0,0.0
982,yahoo,tablet,true,0,1.0,721,Indonesia,false,0.0,0.0
983,yahoo,mobile,true,3,1.0,492,China,false,0.0,0.0
984,google,mobile,true,1,1.0,743,Sweden,false,0.0,0.0
985,social,mobile,false,10,17.0,996,China,false,0.0,0.0
986,google,laptop,true,7,1.0,786,Thailand,false,0.0,0.0
987,bing,laptop,false,4,11.0,184,Mexico,true,4.0,510.0
988,direct,laptop,false,0,15.0,422,Indonesia,false,0.0,0.0
989,yahoo,laptop,false,2,12.0,911,Peru,true,5.0,2397.0
990,social,laptop,true,7,1.0,251,Brazil,false,0.0,0.0
991,yahoo,mobile,false,8,11.0,144,Latvia,true,4.0,2409.0
992,social,tablet,false,5,17.0,656,China,true,8.0,1232.0
993,direct,tablet,true,6,1.0,595,Albania,false,0.0,0.0
994,google,tablet,true,2,1.0,249,Indonesia,false,0.0,0.0
995,google,tablet,false,7,12.0,237,Malaysia,false,0.0,0.0
996,yahoo,mobile,true,9,1.0,119,Portugal,false,0.0,0.0
997,google,laptop,false,6,13.0,192,Thailand,true,5.0,2250.0
998,social,tablet,true,4,1.0,872,China,false,0.0,0.0
999,yahoo,mobile,true,1,1.0,922,Portugal,false,0.0,0.0
1000,google,mobile,true,9,1.0,48,China,false,0.0,0.0
